team_name,phase,width,depth,compactness,line_height,seconds
Adelaide United,build_up,52.06,38.54,18.94,15.97,881.0
Adelaide United,chaotic,36.54,33.4,14.67,33.37,959.0
Adelaide United,create,52.63,33.27,17.77,36.02,2052.0
Adelaide United,defending_direct,36.44,35.63,15.85,38.11,122.0
Adelaide United,defending_quick_break,43.92,31.55,15.3,13.91,26.0
Adelaide United,defending_set_play,24.53,18.47,8.64,9.97,243.0
Adelaide United,defending_transition,35.7,37.45,15.3,36.16,199.0
Adelaide United,direct,48.18,35.57,17.43,27.2,166.0
Adelaide United,finish,44.78,33.48,16.56,55.71,1181.0
Adelaide United,high_block,37.33,36.49,16.35,48.13,726.0
Adelaide United,low_block,32.89,29.05,12.95,14.63,1077.0
Adelaide United,medium_block,36.73,28.37,14.15,36.49,1603.0
Adelaide United,quick_break,38.29,36.34,15.93,48.2,78.0
Adelaide United,set_play,38.12,32.59,13.68,64.37,174.0
Adelaide United,transition,38.46,37.31,16.37,29.12,104.0
Auckland FC,build_up,48.86,38.26,18.71,17.26,1138.0
Auckland FC,chaotic,33.56,31.8,13.88,37.97,2139.0
Auckland FC,create,49.27,33.44,17.59,35.46,4236.0
Auckland FC,defending_direct,33.61,35.02,14.95,38.87,416.0
Auckland FC,defending_quick_break,39.29,32.97,14.98,18.21,89.0
Auckland FC,defending_set_play,25.08,23.24,9.44,9.51,355.0
Auckland FC,defending_transition,33.75,36.85,14.84,34.87,433.0
Auckland FC,direct,38.35,32.18,15.19,36.22,441.0
Auckland FC,finish,42.9,34.62,16.63,54.09,2578.0
Auckland FC,high_block,36.44,35.12,15.91,49.48,1974.0
Auckland FC,low_block,31.45,26.97,12.37,15.26,1891.0
Auckland FC,medium_block,35.88,27.74,13.92,36.59,3915.0
Auckland FC,quick_break,37.18,36.35,15.65,48.9,227.0
Auckland FC,set_play,34.11,30.3,12.95,65.69,630.0
Auckland FC,transition,35.12,35.63,15.51,31.98,414.0
Brisbane FC,build_up,50.72,39.28,19.03,16.34,654.0
Brisbane FC,chaotic,33.72,33.34,14.15,35.38,862.0
Brisbane FC,create,49.88,34.67,17.61,33.53,1849.0
Brisbane FC,defending_direct,32.16,35.48,14.67,38.85,190.0
Brisbane FC,defending_quick_break,36.79,33.19,14.68,19.81,88.0
Brisbane FC,defending_set_play,24.34,17.26,8.59,6.62,106.0
Brisbane FC,defending_transition,36.33,37.32,15.83,29.8,152.0
Brisbane FC,direct,41.37,36.2,16.59,30.2,171.0
Brisbane FC,finish,43.09,33.94,16.13,55.43,1367.0
Brisbane FC,high_block,35.96,34.61,15.39,48.38,767.0
Brisbane FC,low_block,32.31,24.47,12.09,15.26,1138.0
Brisbane FC,medium_block,35.72,26.85,13.53,35.24,1877.0
Brisbane FC,quick_break,35.58,36.54,16.26,54.29,84.0
Brisbane FC,set_play,38.66,31.55,14.14,64.06,205.0
Brisbane FC,transition,35.41,34.67,15.41,30.05,91.0
CC Mariners,build_up,49.32,38.63,18.47,15.21,1178.0
CC Mariners,chaotic,35.88,31.64,14.19,31.87,1021.0
CC Mariners,create,51.32,33.23,17.66,33.81,2108.0
CC Mariners,defending_direct,35.64,34.04,14.9,35.35,226.0
CC Mariners,defending_quick_break,37.63,33.33,14.63,16.83,109.0
CC Mariners,defending_set_play,24.39,16.33,7.89,8.42,300.0
CC Mariners,defending_transition,36.99,35.34,15.58,35.14,253.0
CC Mariners,direct,46.37,39.04,17.83,22.28,261.0
CC Mariners,finish,46.3,33.13,17.15,54.51,936.0
CC Mariners,high_block,40.0,35.39,16.27,47.67,773.0
CC Mariners,low_block,33.19,24.2,12.33,16.35,1962.0
CC Mariners,medium_block,39.08,26.4,14.23,34.31,3457.0
CC Mariners,quick_break,34.34,33.99,12.82,52.71,5.0
CC Mariners,set_play,33.26,29.23,12.2,66.4,108.0
CC Mariners,transition,37.76,33.87,14.92,31.88,272.0
Macarthur FC,build_up,50.12,37.03,18.57,16.19,467.0
Macarthur FC,chaotic,37.92,31.97,14.77,31.4,578.0
Macarthur FC,create,52.54,31.3,17.98,36.11,1018.0
Macarthur FC,defending_direct,32.12,30.26,13.55,33.94,119.0
Macarthur FC,defending_quick_break,37.73,32.78,14.97,16.36,59.0
Macarthur FC,defending_set_play,24.51,20.09,8.76,8.76,216.0
Macarthur FC,defending_transition,36.86,38.49,16.29,40.77,66.0
Macarthur FC,direct,46.44,33.44,16.83,29.67,129.0
Macarthur FC,finish,43.76,34.7,17.2,54.26,394.0
Macarthur FC,high_block,41.34,34.98,17.23,47.34,391.0
Macarthur FC,low_block,35.01,28.7,13.45,15.04,823.0
Macarthur FC,medium_block,39.04,27.08,14.72,34.86,1418.0
Macarthur FC,quick_break,39.0,36.88,16.67,48.08,19.0
Macarthur FC,set_play,37.03,30.52,13.1,65.5,117.0
Macarthur FC,transition,41.07,36.29,16.81,31.41,95.0
Melbourne City,build_up,54.1,39.17,20.8,18.57,729.0
Melbourne City,chaotic,35.73,31.76,14.67,38.77,808.0
Melbourne City,create,53.88,33.28,19.2,37.35,2828.0
Melbourne City,defending_direct,36.04,37.44,16.21,41.03,218.0
Melbourne City,defending_quick_break,43.68,40.52,18.13,15.84,19.0
Melbourne City,defending_set_play,23.27,15.45,7.46,9.4,106.0
Melbourne City,defending_transition,37.71,38.32,16.2,37.14,130.0
Melbourne City,direct,42.19,34.64,16.58,33.06,172.0
Melbourne City,finish,45.52,32.51,16.95,55.54,1522.0
Melbourne City,high_block,36.88,34.42,15.87,49.73,851.0
Melbourne City,low_block,33.42,25.59,12.82,15.78,391.0
Melbourne City,medium_block,36.31,27.31,14.0,37.05,1452.0
Melbourne City,quick_break,37.39,33.61,15.67,51.53,96.0
Melbourne City,set_play,36.15,30.29,13.02,64.86,219.0
Melbourne City,transition,34.77,33.73,15.48,34.3,101.0
Melbourne V FC,build_up,47.97,37.83,17.86,17.14,790.0
Melbourne V FC,chaotic,34.85,31.76,13.91,35.73,1157.0
Melbourne V FC,create,48.25,33.18,16.76,35.9,2352.0
Melbourne V FC,defending_direct,32.11,31.32,14.04,38.86,192.0
Melbourne V FC,defending_quick_break,34.92,34.04,13.9,15.94,85.0
Melbourne V FC,defending_set_play,25.76,19.13,8.79,9.08,165.0
Melbourne V FC,defending_transition,33.92,36.21,15.17,34.08,306.0
Melbourne V FC,direct,42.36,33.61,15.64,31.42,224.0
Melbourne V FC,finish,41.05,33.77,15.84,55.7,1859.0
Melbourne V FC,high_block,36.21,35.08,15.88,50.0,988.0
Melbourne V FC,low_block,32.3,28.33,12.56,14.42,1075.0
Melbourne V FC,medium_block,35.25,27.18,13.58,37.05,1699.0
Melbourne V FC,quick_break,36.56,34.86,15.87,52.21,128.0
Melbourne V FC,set_play,36.36,30.46,13.83,66.04,309.0
Melbourne V FC,transition,33.52,33.47,14.57,32.66,304.0
Newcastle,build_up,49.31,38.2,18.11,13.48,325.0
Newcastle,chaotic,35.47,29.99,13.63,30.23,253.0
Newcastle,create,49.33,33.65,17.32,30.94,645.0
Newcastle,defending_direct,35.61,36.69,16.39,31.79,52.0
Newcastle,defending_quick_break,37.19,36.36,15.43,20.68,53.0
Newcastle,defending_set_play,27.22,14.39,8.54,9.39,163.0
Newcastle,defending_transition,34.36,34.08,13.38,20.03,14.0
Newcastle,direct,51.85,38.72,18.42,17.35,35.0
Newcastle,finish,41.09,34.61,16.53,52.59,166.0
Newcastle,high_block,37.27,33.25,15.58,46.94,224.0
Newcastle,low_block,31.99,22.88,11.74,14.59,504.0
Newcastle,medium_block,37.07,25.17,13.63,33.6,668.0
Newcastle,set_play,35.2,27.55,12.57,66.14,43.0
Perth Glory,build_up,46.22,36.4,17.25,17.75,529.0
Perth Glory,chaotic,31.98,33.26,13.88,33.26,557.0
Perth Glory,create,47.2,34.29,16.96,34.69,998.0
Perth Glory,defending_direct,31.32,35.67,14.79,36.45,121.0
Perth Glory,defending_quick_break,36.02,30.61,14.02,12.92,79.0
Perth Glory,defending_set_play,24.17,13.79,7.73,8.27,114.0
Perth Glory,defending_transition,33.84,39.97,16.14,31.75,45.0
Perth Glory,direct,38.65,33.32,15.23,30.68,142.0
Perth Glory,finish,42.31,34.67,16.27,54.23,585.0
Perth Glory,high_block,36.69,35.57,16.11,47.2,454.0
Perth Glory,low_block,30.52,24.11,11.56,14.62,1115.0
Perth Glory,medium_block,35.44,28.16,14.0,34.74,1409.0
Perth Glory,quick_break,36.15,34.12,15.31,49.07,49.0
Perth Glory,set_play,34.34,29.79,12.62,65.95,75.0
Perth Glory,transition,37.77,36.45,16.02,36.06,113.0
Sydney FC,build_up,48.03,39.0,18.25,16.42,498.0
Sydney FC,chaotic,34.22,32.51,13.7,37.01,654.0
Sydney FC,create,49.46,33.73,17.12,34.71,1123.0
Sydney FC,defending_direct,36.84,37.36,16.15,40.92,103.0
Sydney FC,defending_quick_break,43.14,37.31,17.26,13.5,65.0
Sydney FC,defending_set_play,25.02,20.61,8.28,6.79,95.0
Sydney FC,defending_transition,31.98,36.05,14.52,38.5,94.0
Sydney FC,direct,37.43,32.18,14.36,30.61,99.0
Sydney FC,finish,42.31,34.18,16.3,54.4,842.0
Sydney FC,high_block,37.55,36.01,15.76,49.86,687.0
Sydney FC,low_block,32.76,30.08,12.94,14.37,474.0
Sydney FC,medium_block,35.92,28.68,13.8,37.41,1088.0
Sydney FC,quick_break,40.41,37.21,16.31,54.44,58.0
Sydney FC,set_play,37.69,29.32,12.58,67.05,193.0
Sydney FC,transition,35.01,34.44,14.56,30.45,123.0
Wellington P FC,build_up,50.47,38.29,18.81,13.36,775.0
Wellington P FC,chaotic,36.99,33.69,14.71,31.82,804.0
Wellington P FC,create,50.85,34.08,17.93,32.96,1728.0
Wellington P FC,defending_direct,32.21,33.74,14.04,38.79,130.0
Wellington P FC,defending_quick_break,34.66,35.12,14.07,15.04,122.0
Wellington P FC,defending_set_play,26.8,13.48,7.95,7.59,184.0
Wellington P FC,defending_transition,33.94,39.78,15.94,34.63,152.0
Wellington P FC,direct,45.45,37.37,17.64,30.06,180.0
Wellington P FC,finish,45.54,35.58,17.34,52.95,848.0
Wellington P FC,high_block,39.35,35.38,16.26,47.96,701.0
Wellington P FC,low_block,31.33,29.99,12.74,13.3,1330.0
Wellington P FC,medium_block,37.48,28.82,14.07,35.38,1912.0
Wellington P FC,quick_break,36.03,37.53,15.9,52.18,66.0
Wellington P FC,set_play,39.67,28.69,13.55,68.32,126.0
Wellington P FC,transition,35.49,36.69,15.73,32.32,171.0
Western Sydney,build_up,49.72,36.81,18.34,16.18,823.0
Western Sydney,chaotic,34.15,32.38,14.06,28.46,464.0
Western Sydney,create,49.63,34.37,17.44,30.17,1480.0
Western Sydney,defending_direct,31.94,34.28,14.32,30.11,92.0
Western Sydney,defending_quick_break,30.88,29.99,12.94,13.5,66.0
Western Sydney,defending_set_play,23.61,17.15,8.02,7.64,152.0
Western Sydney,defending_transition,32.11,39.3,15.59,37.12,156.0
Western Sydney,direct,43.74,37.86,17.23,21.73,42.0
Western Sydney,finish,41.79,36.76,16.72,53.05,552.0
Western Sydney,high_block,37.42,36.67,16.45,48.49,366.0
Western Sydney,low_block,32.8,24.83,12.42,16.47,896.0
Western Sydney,medium_block,36.51,26.46,13.78,32.92,1400.0
Western Sydney,quick_break,34.9,37.04,15.78,52.72,62.0
Western Sydney,set_play,36.16,35.08,14.89,61.8,46.0
Western Sydney,transition,34.25,37.02,15.88,23.43,98.0
Western United,build_up,50.97,39.33,19.68,16.82,1172.0
Western United,chaotic,33.16,31.3,13.83,34.95,1516.0
Western United,create,48.61,33.76,17.51,33.87,2012.0
Western United,defending_direct,32.64,33.12,14.33,39.28,267.0
Western United,defending_quick_break,36.68,35.32,15.57,15.99,134.0
Western United,defending_set_play,25.38,18.65,9.09,9.96,225.0
Western United,defending_transition,31.59,36.86,14.45,37.37,216.0
Western United,direct,48.25,38.43,18.56,25.14,184.0
Western United,finish,38.87,35.68,15.92,55.16,1053.0
Western United,high_block,37.13,36.78,16.45,49.65,1058.0
Western United,low_block,32.42,25.86,12.64,16.29,1207.0
Western United,medium_block,36.8,26.31,14.0,35.9,2532.0
Western United,quick_break,36.26,36.06,16.0,51.9,121.0
Western United,set_play,35.3,30.36,12.72,67.08,178.0
Western United,transition,34.83,32.44,14.78,31.23,329.0
